-- 用户表数据
DELETE FROM `zzj_user`;
INSERT INTO `zzj_user` (`id`, `name`, `age`, `email`, `address`, `create_stamp`, `action_stamp`, `is_delete`) VALUES
(1, 'zhangshuang', 29, 'shuang1562@126.com', '北京朝阳', '2023-03-01 13:12:20', '2023-03-01 13:12:20', 0),
(2, 'zhangzhang', 20, 'zhangzhang@126.com', '黑龙江哈尔滨', '2023-03-02 06:11:20', '2023-03-02 06:11:20', 0),
(3, 'Tom', 28, 'test3@baomidou.com', '上海闵行', '2023-03-04 23:22:20', '2023-03-04 23:22:20', 0),
(4, 'Sandy', 21, 'test4@baomidou.com', '吉林长春', '2023-03-01 11:45:20', '2023-03-01 11:45:20', 0),
(5, 'Billie', 24, 'test5@baomidou.com', '辽宁沈阳', '2023-03-23 09:23:20', '2023-03-23 09:23:20', 0)
;
-- 角色表数据
DELETE FROM `zzj_role`;
INSERT INTO `zzj_role` (`id`, `role_name`, `role_desc`, `create_stamp`, `action_stamp`, `is_delete`) VALUES
(1, 'zzj', '超级所有权限（开发用的）', '2023-03-28 11:44:00', '2023-03-28 11:44:00', 0),
(2, '普通角色', '只能看见个别的权限', '2023-03-28 11:44:00', '2023-03-28 11:44:00', 0),
(3, '业务上的所有角色', '业务上的所有权限', '2023-03-28 11:44:00', '2023-03-28 11:44:00', 0)
;
-- 用户角色表
DELETE FROM `zzj_user_role`;
INSERT INTO `zzj_user_role` (`id`, `user_id`, `role_id`, `create_stamp`, `action_stamp`, `is_delete`) VALUES
(1, 1, 1, '2023-03-28 11:44:00', '2023-03-28 11:44:00', 0),
(2, 2, 1, '2023-03-28 11:44:00', '2023-03-28 11:44:00', 0),
(3, 3, 2, '2023-03-28 11:44:00', '2023-03-28 11:44:00', 0)
;
-- 权限表
DELETE FROM `zzj_permission`;
INSERT INTO `zzj_permission` (`id`, `menu_desc`, `parent_menu_id`, `is_use`, `create_stamp`, `action_stamp`, `is_delete`) VALUES
(100, '类目1', -1, 0, '2023-03-28 11:44:00', '2023-03-28 11:44:00', 0),
(101, '类目1-查询', 100, 0, '2023-03-28 11:44:00', '2023-03-28 11:44:00', 0),
(102, '类目1-修改', 100, 0, '2023-03-28 11:44:00', '2023-03-28 11:44:00', 0),
(103, '类目1-查询-删除', 101, 0, '2023-03-28 11:44:00', '2023-03-28 11:44:00', 0),
(104, '类目1-查询-新增', 101, 1, '2023-03-28 11:44:00', '2023-03-28 11:44:00', 0),
(200, '类目2', -1, 0, '2023-03-28 11:44:00', '2023-03-28 11:44:00', 0),
(300, '类目3', -1, 0, '2023-03-28 11:44:00', '2023-03-28 11:44:00', 0)
;
-- 角色权限表
DELETE FROM `zzj_role_permission`;
INSERT INTO `zzj_role_permission` (`id`, `role_id`, `permission_id`, `create_stamp`, `action_stamp`, `is_delete`) VALUES
(1, 1, -1, '2023-03-28 11:44:00', '2023-03-28 11:44:00', 0),
(2, 3, 100, '2023-03-28 11:44:00', '2023-03-28 11:44:00', 0),
(3, 3, 101, '2023-03-28 11:44:00', '2023-03-28 11:44:00', 0),
(4, 3, 102, '2023-03-28 11:44:00', '2023-03-28 11:44:00', 0),
(5, 3, 103, '2023-03-28 11:44:00', '2023-03-28 11:44:00', 0),
(6, 3, 200, '2023-03-28 11:44:00', '2023-03-28 11:44:00', 0),
(7, 3, 300, '2023-03-28 11:44:00', '2023-03-28 11:44:00', 0),
(8, 2, 200, '2023-03-28 11:44:00', '2023-03-28 11:44:00', 0)
;
-- =============================================================================================